director_1,director_2,collaboration_count
Bobby Farrelly,Peter Farrelly,11
Ethan Coen,Joel Coen,8
Lana Wachowski,Lilly Wachowski,7
Aaron Seltzer,Jason Friedberg,5
Anthony Russo,Joe Russo,4
Brian Taylor,Mark Neveldine,4
Christopher Miller,Phil Lord,4
Jay Duplass,Mark Duplass,4
Albert Hughes,Allen Hughes,3
Ariel Schulman,Henry Joost,3
Chris Weitz,Paul Weitz,3
Eric Darnell,Tom McGrath,3
Glenn Ficarra,John Requa,3
John Musker,Ron Clements,3
Andrew Erwin,Jon Erwin,2
Ben Sharpsteen,Hamilton Luske,2
Brian Koppelman,David Levien,2
Chris Renaud,Pierre Coffin,2
Chris Sanders,Dean DeBlois,2
Colin Strause,Greg Strause,2
Danny Pang,Oxide Pang Chun,2
David Hand,James Algar,2
David Hand,Paul Satterfield,2
David Hand,Samuel Armstrong,2
David Hand,William Roberts,2
Deborah Kaplan,Harry Elfont,2
Don Bluth,Gary Goldman,2
Evan Goldberg,Seth Rogen,2
Fenton Bailey,Randy Barbato,2
Frank Miller,Robert Rodriguez,2
Gary Trousdale,Kirk Wise,2
Hayden Schlossberg,Jon Hurwitz,2
James Algar,Paul Satterfield,2
James Algar,Samuel Armstrong,2
James Algar,William Roberts,2
Jaume Balagueró,Paco Plaza,2
Jon Lucas,Scott Moore,2
Josh Gordon,Will Speck,2
Lloyd Kaufman,Michael Herz,2
Paul Satterfield,Samuel Armstrong,2
Paul Satterfield,William Roberts,2
Quentin Tarantino,Robert Rodriguez,2
Richard Glatzer,Wash Westmoreland,2
Robert Pulcini,Shari Springer Berman,2
Samuel Armstrong,William Roberts,2
 Zhang Li,Jackie Chan,1
 Zhang Li,张立 ,1
Aaron Hann,Mario Miscione,1
Aaron T. Wells,Michael Hoffman Jr.,1
Adam Carolla,Kevin Hench,1
Adam Jay Epstein,Andrew Jacobson,1
Alan Smithee,Arthur Hiller,1
Albert Magnoli,Andrei Konchalovsky,1
Alessandro Carloni,Jennifer Yuh Nelson,1
Alex Gibney,Eugene Jarecki,1
Alex Gibney,Heidi Ewing,1
Alex Gibney,Morgan Spurlock,1
Alex Gibney,Rachel Grady,1
Alex Gibney,Seth Gordon,1
Alex Smith,Andrew J. Smith,1
Alexander Payne,Alfonso Cuarón,1
Alexander Payne,Bruno Podalydès,1
Alexander Payne,Christopher Doyle,1
Alexander Payne,Daniela Thomas,1
Alexander Payne,Ethan Coen,1
Alexander Payne,Frédéric Auburtin,1
Alexander Payne,Gurinder Chadha,1
Alexander Payne,Gus Van Sant,1
Alexander Payne,Gérard Depardieu,1
Alexander Payne,Isabel Coixet,1
Alexander Payne,Joel Coen,1
Alexander Payne,Nobuhiro Suwa,1
Alexander Payne,Oliver Schmitz,1
Alexander Payne,Olivier Assayas,1
Alexander Payne,Richard LaGravenese,1
Alexander Payne,Sylvain Chomet,1
Alexander Payne,Tom Tykwer,1
Alexander Payne,Vincenzo Natali,1
Alexander Payne,Walter Salles,1
Alexander Payne,Wes Craven,1
Alexandre Rockwell,Allison Anders,1
Alexandre Rockwell,Quentin Tarantino,1
Alexandre Rockwell,Robert Rodriguez,1
Alfonso Cuarón,Bruno Podalydès,1
Alfonso Cuarón,Christopher Doyle,1
Alfonso Cuarón,Daniela Thomas,1
Alfonso Cuarón,Ethan Coen,1
Alfonso Cuarón,Frédéric Auburtin,1
Alfonso Cuarón,Gurinder Chadha,1
Alfonso Cuarón,Gus Van Sant,1
Alfonso Cuarón,Gérard Depardieu,1
Alfonso Cuarón,Isabel Coixet,1
Alfonso Cuarón,Joel Coen,1
Alfonso Cuarón,Nobuhiro Suwa,1
Alfonso Cuarón,Oliver Schmitz,1
Alfonso Cuarón,Olivier Assayas,1
Alfonso Cuarón,Richard LaGravenese,1
Alfonso Cuarón,Sylvain Chomet,1
Alfonso Cuarón,Tom Tykwer,1
Alfonso Cuarón,Vincenzo Natali,1
Alfonso Cuarón,Walter Salles,1
Alfonso Cuarón,Wes Craven,1
Allison Anders,Kurt Voss,1
Allison Anders,Quentin Tarantino,1
Allison Anders,Robert Rodriguez,1
Andrew Adamson,Conrad Vernon,1
Andrew Adamson,Kelly Asbury,1
Andrew Adamson,Vicky Jenson,1
Andrew Gurland,Huck Botko,1
Andrew Marton,Bernhard Wicki,1
Andrew Marton,Ken Annakin,1
Andrew Stanton,John Lasseter,1
Andrew Wilson,Luke Wilson,1
Anna Boden,Ryan Fleck,1
Annabel Jankel,Rocky Morton,1
Anne Sundberg,Ricki Stern,1
Anonymous,Christine Cynn,1
Anonymous,Joshua Oppenheimer,1
Anthony Bell,Ben Gluck,1
Anthony Mann,Mervyn LeRoy,1
Anthony Stacchi,Graham Annable,1
Anthony Stacchi,Jill Culton,1
Anthony Stacchi,Roger Allers,1
Arthur Qwak,Guillaume Ivernel,1
Arthur Rosson,Howard Hawks,1
Ash Brannon,Chris Buck,1
Barnaby Thompson,Oliver Parker,1
Barry Cook,Neil Nightingale,1
Barry Cook,Sarah Smith,1
Barry Cook,Tony Bancroft,1
Bart Freundlich,James Sbardellati,1
Bart Freundlich,Peter Merwin,1
Ben Sharpsteen,David Hand,1
Ben Sharpsteen,Ford Beebe,1
Ben Sharpsteen,James Algar,1
Ben Sharpsteen,Jim Handley,1
Ben Sharpsteen,Norman Ferguson,1
Ben Sharpsteen,Paul Satterfield,1
Ben Sharpsteen,Samuel Armstrong,1
Ben Sharpsteen,T. Hee,1
Ben Sharpsteen,Wilfred Jackson,1
Ben Sharpsteen,William Roberts,1
Ben Stassen,Jeremy Degruson,1
Benjamin Renner,Stéphane Aubier,1
Benjamin Renner,Vincent Patar,1
Bernhard Wicki,Ken Annakin,1
Betsy Chasse,William Arntz,1
Bibo Bergeron,Don Michael Paul,1
Bibo Bergeron,Rob Letterman,1
Bibo Bergeron,Vicky Jenson,1
Björn Stein,Måns Mårlind,1
Brad Bird,Jan Pinkava,1
Brad Lewis,John Lasseter,1
Brandon Trost,Jason Trost,1
Brenda Chapman,Mark Andrews,1
Brenda Chapman,Simon Wells,1
Brenda Chapman,Steve Hickner,1
Brenda Chapman,Steve Purcell,1
Brendan Malloy,Emmett Malloy,1
Brenna Sanchez,Tom Putnam,1
Brett Ratner,Elizabeth Banks,1
Brett Ratner,Griffin Dunne,1
Brett Ratner,James Duffy,1
Brett Ratner,James Gunn,1
Brett Ratner,Jonathan van Tulleken,1
Brett Ratner,Patrik Forsberg,1
Brett Ratner,Peter Farrelly,1
Brett Ratner,Rusty Cundieff,1
Brett Ratner,Steve Carr,1
Brett Ratner,Steven Brill,1
Brett Ratner,Will Graham,1
Brett Winn,Brian Herzlinger,1
Brett Winn,Jon Gunn,1
Brian Dorton,Joseph Graham,1
Brian Dorton,Lee Matthews,1
Brian Dorton,Manuel Marín,1
Brian Herzlinger,Jon Gunn,1
Brian Klugman,Lee Sternthal,1
Brian Trenchard-Smith,Paul J. Lombardi,1
Bruce Dellis,Jason Marsden,1
Bruno Podalydès,Christopher Doyle,1
Bruno Podalydès,Daniela Thomas,1
Bruno Podalydès,Ethan Coen,1
Bruno Podalydès,Frédéric Auburtin,1
Bruno Podalydès,Gurinder Chadha,1
Bruno Podalydès,Gus Van Sant,1
Bruno Podalydès,Gérard Depardieu,1
Bruno Podalydès,Isabel Coixet,1
Bruno Podalydès,Joel Coen,1
Bruno Podalydès,Nobuhiro Suwa,1
Bruno Podalydès,Oliver Schmitz,1
Bruno Podalydès,Olivier Assayas,1
Bruno Podalydès,Richard LaGravenese,1
Bruno Podalydès,Sylvain Chomet,1
Bruno Podalydès,Tom Tykwer,1
Bruno Podalydès,Vincenzo Natali,1
Bruno Podalydès,Walter Salles,1
Bruno Podalydès,Wes Craven,1
Byron Howard,Chris Williams,1
Byron Howard,Nathan Greno,1
C. Fraser Press,Darren Press,1
Carlos Saldanha,Chris Wedge,1
Catherine Owens,Mark Pellington,1
Cathy Malkasian,Jeff McGrath,1
Chao-Bin Su,John Woo,1
Charlie Kaufman,Duke Johnson,1
Chris Buck,Jennifer Lee,1
Chris Butler,Sam Fell,1
Chris Kentis,Laura Lau,1
Chris Lofing,Travis Cluff,1
Chris Miller,Raman Hui,1
Chris Sanders,Kirk De Micco,1
Chris Williams,Don Hall,1
Christine Cynn,Joshua Oppenheimer,1
Christophe Ali,Nicolas Bonilauri,1
Christopher Doyle,Daniela Thomas,1
Christopher Doyle,Ethan Coen,1
Christopher Doyle,Frédéric Auburtin,1
Christopher Doyle,Gurinder Chadha,1
Christopher Doyle,Gus Van Sant,1
Christopher Doyle,Gérard Depardieu,1
Christopher Doyle,Isabel Coixet,1
Christopher Doyle,Joel Coen,1
Christopher Doyle,Nobuhiro Suwa,1
Christopher Doyle,Oliver Schmitz,1
Christopher Doyle,Olivier Assayas,1
Christopher Doyle,Richard LaGravenese,1
Christopher Doyle,Sylvain Chomet,1
Christopher Doyle,Tom Tykwer,1
Christopher Doyle,Vincenzo Natali,1
Christopher Doyle,Walter Salles,1
Christopher Doyle,Wes Craven,1
Clay Kaytis,Fergal Reilly,1
Cody Cameron,Kris Pearn,1
Colin Minihan,Stuart Ortiz,1
Conrad Vernon,Eric Darnell,1
Conrad Vernon,Greg Tiernan,1
Conrad Vernon,Kelly Asbury,1
Conrad Vernon,Rob Letterman,1
Conrad Vernon,Tom McGrath,1
Corey Yuen Kwai,Louis Leterrier,1
Cory Edwards,Todd Edwards,1
Cory Edwards,Tony Leech,1
Curtis Hanson,Michael Apted,1
Dan Cutforth,Jane Lipsitz,1
Dana Adam Shapiro,Henry Alex Rubin,1
Daniel Garcia,Rania Attieh,1
Daniel Junge,Kief Davidson,1
Daniel Myrick,Eduardo Sánchez,1
Daniela Thomas,Ethan Coen,1
Daniela Thomas,Frédéric Auburtin,1
Daniela Thomas,Gurinder Chadha,1
Daniela Thomas,Gus Van Sant,1
Daniela Thomas,Gérard Depardieu,1
Daniela Thomas,Isabel Coixet,1
Daniela Thomas,Joel Coen,1
Daniela Thomas,Nobuhiro Suwa,1
Daniela Thomas,Oliver Schmitz,1
Daniela Thomas,Olivier Assayas,1
Daniela Thomas,Richard LaGravenese,1
Daniela Thomas,Sylvain Chomet,1
Daniela Thomas,Tom Tykwer,1
Daniela Thomas,Vincenzo Natali,1
Daniela Thomas,Walter Salles,1
Daniela Thomas,Wes Craven,1
Dany Boon,Nicolas Guy,1
Dario Argento,George A. Romero,1
Dave Borthwick,Frank Passingham,1
Dave Borthwick,Jean Duval,1
Dave Willis,Matt Maiellaro,1
David Bowers,Sam Fell,1
David Hand,Ford Beebe,1
David Hand,Graham Heid,1
David Hand,Hamilton Luske,1
David Hand,Jim Handley,1
David Hand,Norman Ferguson,1
David Hand,Norman Wright,1
David Hand,T. Hee,1
David Hand,Wilfred Jackson,1
David Moreau,Xavier Palud,1
David Nixon,Patrick Doughtie,1
David O. Russell,Stephen Greene,1
David Palmer,Dax Shepard,1
David Pastor,Àlex Pastor,1
David Raynr,Martin Lawrence,1
David Zucker,Jerry Zucker,1
David Zucker,Jim Abrahams,1
Digby Cook,Paul Donovan,1
Dinesh D'Souza,John Sullivan,1
Don Hahn,Eric Goldberg,1
Don Hahn,Francis Glebas,1
Don Hahn,Gaëtan Brizzi,1
Don Hahn,Hendel Butoy,1
Don Hahn,James Algar,1
Don Hahn,Paul Brizzi,1
Don Hahn,Pixote Hunt,1
Don Hall,Stephen Anderson,1
Don Kempf,James D. Stern,1
Donovan Cook,Robin Budd,1
Doug McHenry,George Jackson,1
Edgar Wright,Eli Roth,1
Edgar Wright,Jason Eisener,1
Edgar Wright,Quentin Tarantino,1
Edgar Wright,Rob Zombie,1
Edgar Wright,Robert Rodriguez,1
Edmund Goulding,Howard Hughes,1
Edmund Goulding,James Whale,1
Edward Conna,Matthew R. Anderson,1
Efram Potelle,Kyle Rankin,1
Eli Roth,Jason Eisener,1
Eli Roth,Quentin Tarantino,1
Eli Roth,Rob Zombie,1
Eli Roth,Robert Rodriguez,1
Elizabeth Banks,Griffin Dunne,1
Elizabeth Banks,James Duffy,1
Elizabeth Banks,James Gunn,1
Elizabeth Banks,Jonathan van Tulleken,1
Elizabeth Banks,Patrik Forsberg,1
Elizabeth Banks,Peter Farrelly,1
Elizabeth Banks,Rusty Cundieff,1
Elizabeth Banks,Steve Carr,1
Elizabeth Banks,Steven Brill,1
Elizabeth Banks,Will Graham,1
Eric Bress,J. Mackye Gruber,1
Eric Darnell,Simon J. Smith,1
Eric Darnell,Tim Johnson,1
Eric Goldberg,Francis Glebas,1
Eric Goldberg,Gaëtan Brizzi,1
Eric Goldberg,Hendel Butoy,1
Eric Goldberg,James Algar,1
Eric Goldberg,Mike Gabriel,1
Eric Goldberg,Paul Brizzi,1
Eric Goldberg,Pixote Hunt,1
Eric Leighton,Ralph Zondag,1
Eric Wareheim,Tim Heidecker,1
Espen Sandberg,Joachim Rønning,1
Ethan Coen,Frédéric Auburtin,1
Ethan Coen,Gurinder Chadha,1
Ethan Coen,Gus Van Sant,1
Ethan Coen,Gérard Depardieu,1
Ethan Coen,Isabel Coixet,1
Ethan Coen,Nobuhiro Suwa,1
Ethan Coen,Oliver Schmitz,1
Ethan Coen,Olivier Assayas,1
Ethan Coen,Richard LaGravenese,1
Ethan Coen,Sylvain Chomet,1
Ethan Coen,Tom Tykwer,1
Ethan Coen,Vincenzo Natali,1
Ethan Coen,Walter Salles,1
Ethan Coen,Wes Craven,1
Ethan Maniquis,Robert Rodriguez,1
Eugene Jarecki,Heidi Ewing,1
Eugene Jarecki,Morgan Spurlock,1
Eugene Jarecki,Rachel Grady,1
Eugene Jarecki,Seth Gordon,1
Fernando Meirelles,Kátia Lund,1
Florence Ayisi,Kim Longinotto,1
Ford Beebe,Hamilton Luske,1
Ford Beebe,James Algar,1
Ford Beebe,Jim Handley,1
Ford Beebe,Norman Ferguson,1
Ford Beebe,Paul Satterfield,1
Ford Beebe,Samuel Armstrong,1
Ford Beebe,T. Hee,1
Ford Beebe,Wilfred Jackson,1
Ford Beebe,William Roberts,1
Francesca Gregorini,Tatiana von Furstenberg,1
Francis Ford Coppola,Martin Scorsese,1
Francis Ford Coppola,Woody Allen,1
Francis Glebas,Gaëtan Brizzi,1
Francis Glebas,Hendel Butoy,1
Francis Glebas,James Algar,1
Francis Glebas,Paul Brizzi,1
Francis Glebas,Pixote Hunt,1
Frank Passingham,Jean Duval,1
Frédéric Auburtin,Gurinder Chadha,1
Frédéric Auburtin,Gus Van Sant,1
Frédéric Auburtin,Gérard Depardieu,1
Frédéric Auburtin,Isabel Coixet,1
Frédéric Auburtin,Joel Coen,1
Frédéric Auburtin,Nobuhiro Suwa,1
Frédéric Auburtin,Oliver Schmitz,1
Frédéric Auburtin,Olivier Assayas,1
Frédéric Auburtin,Richard LaGravenese,1
Frédéric Auburtin,Sylvain Chomet,1
Frédéric Auburtin,Tom Tykwer,1
Frédéric Auburtin,Vincenzo Natali,1
Frédéric Auburtin,Walter Salles,1
Frédéric Auburtin,Wes Craven,1
Frédéric Forestier,Thomas Langmann,1
Gaëtan Brizzi,Hendel Butoy,1
Gaëtan Brizzi,James Algar,1
Gaëtan Brizzi,Paul Brizzi,1
Gaëtan Brizzi,Pixote Hunt,1
Gene Kelly,Stanley Donen,1
George Miller,George Ogilvie,1
George Miller,Joe Dante,1
George Miller,John Landis,1
George Miller,Steven Spielberg,1
Graham Heid,James Algar,1
Graham Heid,Norman Wright,1
Graham Heid,Paul Satterfield,1
Graham Heid,Samuel Armstrong,1
Graham Heid,William Roberts,1
Greg Tiernan,Paul Bolger,1
Greg Tiernan,Yvette Kaplan,1
Griffin Dunne,James Duffy,1
Griffin Dunne,James Gunn,1
Griffin Dunne,Jonathan van Tulleken,1
Griffin Dunne,Patrik Forsberg,1
Griffin Dunne,Peter Farrelly,1
Griffin Dunne,Rusty Cundieff,1
Griffin Dunne,Steve Carr,1
Griffin Dunne,Steven Brill,1
Griffin Dunne,Will Graham,1
Gurinder Chadha,Gus Van Sant,1
Gurinder Chadha,Gérard Depardieu,1
Gurinder Chadha,Isabel Coixet,1
Gurinder Chadha,Joel Coen,1
Gurinder Chadha,Nobuhiro Suwa,1
Gurinder Chadha,Oliver Schmitz,1
Gurinder Chadha,Olivier Assayas,1
Gurinder Chadha,Richard LaGravenese,1
Gurinder Chadha,Sylvain Chomet,1
Gurinder Chadha,Tom Tykwer,1
Gurinder Chadha,Vincenzo Natali,1
Gurinder Chadha,Walter Salles,1
Gurinder Chadha,Wes Craven,1
Gus Van Sant,Gérard Depardieu,1
Gus Van Sant,Isabel Coixet,1
Gus Van Sant,Joel Coen,1
Gus Van Sant,Nobuhiro Suwa,1
Gus Van Sant,Oliver Schmitz,1
Gus Van Sant,Olivier Assayas,1
Gus Van Sant,Richard LaGravenese,1
Gus Van Sant,Sylvain Chomet,1
Gus Van Sant,Tom Tykwer,1
Gus Van Sant,Vincenzo Natali,1
Gus Van Sant,Walter Salles,1
Gus Van Sant,Wes Craven,1
Guy Green,Nicholas Ray,1
Gérard Depardieu,Isabel Coixet,1
Gérard Depardieu,Joel Coen,1
Gérard Depardieu,Nobuhiro Suwa,1
Gérard Depardieu,Oliver Schmitz,1
Gérard Depardieu,Olivier Assayas,1
Gérard Depardieu,Richard LaGravenese,1
Gérard Depardieu,Sylvain Chomet,1
Gérard Depardieu,Tom Tykwer,1
Gérard Depardieu,Vincenzo Natali,1
Gérard Depardieu,Walter Salles,1
Gérard Depardieu,Wes Craven,1
Hal Haberman,Jeremy Passmore,1
Hamilton Luske,James Algar,1
Hamilton Luske,Jim Handley,1
Hamilton Luske,Norman Ferguson,1
Hamilton Luske,Paul Satterfield,1
Hamilton Luske,Samuel Armstrong,1
Hamilton Luske,T. Hee,1
Hamilton Luske,Wilfred Jackson,1
Hamilton Luske,William Roberts,1
Heidi Ewing,Morgan Spurlock,1
Heidi Ewing,Rachel Grady,1
Heidi Ewing,Seth Gordon,1
Hendel Butoy,James Algar,1
Hendel Butoy,Paul Brizzi,1
Hendel Butoy,Pixote Hunt,1
Hideaki Anno,Shinji Higuchi,1
Hironobu Sakaguchi,Motonori Sakakibara,1
Holger Tappe,Reinhard Klooss,1
Howard Hughes,James Whale,1
Ian Gamazon,Neill Dela Llana,1
Igor Kovalyov,Norton Virgien,1
Inna Evlannikova,Svyatoslav Ushakov,1
Isabel Coixet,Joel Coen,1
Isabel Coixet,Nobuhiro Suwa,1
Isabel Coixet,Oliver Schmitz,1
Isabel Coixet,Olivier Assayas,1
Isabel Coixet,Richard LaGravenese,1
Isabel Coixet,Sylvain Chomet,1
Isabel Coixet,Tom Tykwer,1
Isabel Coixet,Vincenzo Natali,1
Isabel Coixet,Walter Salles,1
Isabel Coixet,Wes Craven,1
Ivan Engler,Ralph Etter,1
Ivan Passer,Sergei Bodrov Jr.,1
Jack Sholder,Walter Hill,1
Jackie Chan,张立 ,1
Jacques Cluzaud,Jacques Perrin,1
James Algar,Jim Handley,1
James Algar,Norman Ferguson,1
James Algar,Norman Wright,1
James Algar,Paul Brizzi,1
James Algar,Pixote Hunt,1
James Algar,T. Hee,1
James Algar,Wilfred Jackson,1
James Duffy,James Gunn,1
James Duffy,Jonathan van Tulleken,1
James Duffy,Patrik Forsberg,1
James Duffy,Peter Farrelly,1
James Duffy,Rusty Cundieff,1
James Duffy,Steve Carr,1
James Duffy,Steven Brill,1
James Duffy,Will Graham,1
James Gunn,Jonathan van Tulleken,1
James Gunn,Patrik Forsberg,1
James Gunn,Peter Farrelly,1
James Gunn,Rusty Cundieff,1
James Gunn,Steve Carr,1
James Gunn,Steven Brill,1
James Gunn,Will Graham,1
James Mather,Stephen St. Leger,1
James McTeigue,Oliver Hirschbiegel,1
James Sbardellati,Peter Merwin,1
James Swirsky,Lisanne Pajot,1
Jason Eisener,Quentin Tarantino,1
Jason Eisener,Rob Zombie,1
Jason Eisener,Robert Rodriguez,1
Jason Maurer,Marc F. Adler,1
Javier Abad,Jorge Blanco,1
Javier Abad,Marcos Martínez,1
Jean-Marc Barr,Pascal Arnold,1
Jeff Crook,Josh Crook,1
Jeff Newitt,Peter Lord,1
Jennifer Finnigan,Jonathan Silverman,1
Jennifer Flackett,Mark Levin,1
Jennifer Wynne Farmer,Valerie Red-Horse,1
Jerome Robbins,Robert Wise,1
Jerry Zucker,Jim Abrahams,1
Jill Culton,Roger Allers,1
Jim Handley,Norman Ferguson,1
Jim Handley,Paul Satterfield,1
Jim Handley,Samuel Armstrong,1
Jim Handley,T. Hee,1
Jim Handley,Wilfred Jackson,1
Jim Handley,William Roberts,1
Jim Rash,Nat Faxon,1
Joe Cross,Kurt Engfehr,1
Joe Dante,John Landis,1
Joe Dante,Steven Spielberg,1
Joe Ranft,John Lasseter,1
Joel Coen,Nobuhiro Suwa,1
Joel Coen,Oliver Schmitz,1
Joel Coen,Olivier Assayas,1
Joel Coen,Richard LaGravenese,1
Joel Coen,Sylvain Chomet,1
Joel Coen,Tom Tykwer,1
Joel Coen,Vincenzo Natali,1
Joel Coen,Walter Salles,1
Joel Coen,Wes Craven,1
John Cromwell,W.S. Van Dyke,1
John Dower,Paul Crowder,1
John Eng,Norton Virgien,1
John Francis Daley,Jonathan M. Goldstein,1
John Frankenheimer,Richard Stanley,1
John Landis,Steven Spielberg,1
John Sanford,Will Finn,1
John Stevenson,Mark Osborne,1
Jon Knautz,Trevor Matthews,1
Jon Schroder,Randall Rubin,1
Jonathan Dayton,Valerie Faris,1
Jonathan van Tulleken,Patrik Forsberg,1
Jonathan van Tulleken,Peter Farrelly,1
Jonathan van Tulleken,Rusty Cundieff,1
Jonathan van Tulleken,Steve Carr,1
Jonathan van Tulleken,Steven Brill,1
Jonathan van Tulleken,Will Graham,1
Jorge Blanco,Marcos Martínez,1
Joseph Graham,Lee Matthews,1
Joseph Graham,Manuel Marín,1
Jérôme Deschamps,Macha Makeïeff,1
Jérôme Deschamps,Pascal Hérold,1
Jérôme Maison,Luc Jacquet,1
Karey Kirkpatrick,Tim Johnson,1
Kate Connor,Michael Worth,1
Kelly Asbury,Lorna Cook,1
Kinji Fukasaku,Richard Fleischer,1
Kinji Fukasaku,Toshio Masuda,1
Kresten Vestbjerg Andersen,Thorbjørn Christoffersen,1
Kunihiko Yuyama,Michael Haigney,1
Kyle Balda,Pierre Coffin,1
Lana Wachowski,Tom Tykwer,1
Larry Karaszewski,Scott Alexander,1
Lee Matthews,Manuel Marín,1
Leslie Small,Tim Story,1
Lilly Wachowski,Tom Tykwer,1
Livingston Oden,Taylor Scott Olson,1
Lori Silverbush,Michael Skolnik,1
Macha Makeïeff,Pascal Hérold,1
Maksim Sveshnikov,Vladlen Barbe,1
Mamoru Hosoda,Shigeyasu Yamauchi,1
Marjane Satrapi,Vincent Paronnaud,1
Mark Andrews,Steve Purcell,1
Martin Scorsese,Woody Allen,1
Matt Bettinelli-Olpin,Tyler Gillett,1
Matthew Robinson,Ricky Gervais,1
Mauricio De la Orta,Taedong Park,1
Michael D. Olmos,Youssef Delara,1
Michael Spierig,Peter Spierig,1
Mike Johnson,Tim Burton,1
Mike McCoy,Scott Waugh,1
Mike Nawrocki,Phil Vischer,1
Mike Thurmeier,Steve Martino,1
Mina T. Son,Sara Newens,1
Morgan Spurlock,Rachel Grady,1
Morgan Spurlock,Seth Gordon,1
Nick Park,Peter Lord,1
Nick Park,Steve Box,1
Nobuhiro Suwa,Oliver Schmitz,1
Nobuhiro Suwa,Olivier Assayas,1
Nobuhiro Suwa,Richard LaGravenese,1
Nobuhiro Suwa,Sylvain Chomet,1
Nobuhiro Suwa,Tom Tykwer,1
Nobuhiro Suwa,Vincenzo Natali,1
Nobuhiro Suwa,Walter Salles,1
Nobuhiro Suwa,Wes Craven,1
Nora Twomey,Tomm Moore,1
Norman Ferguson,Paul Satterfield,1
Norman Ferguson,Samuel Armstrong,1
Norman Ferguson,T. Hee,1
Norman Ferguson,Wilfred Jackson,1
Norman Ferguson,William Roberts,1
Norman Wright,Paul Satterfield,1
Norman Wright,Samuel Armstrong,1
Norman Wright,William Roberts,1
Oliver Schmitz,Olivier Assayas,1
Oliver Schmitz,Richard LaGravenese,1
Oliver Schmitz,Sylvain Chomet,1
Oliver Schmitz,Tom Tykwer,1
Oliver Schmitz,Vincenzo Natali,1
Oliver Schmitz,Walter Salles,1
Oliver Schmitz,Wes Craven,1
Olivier Assayas,Richard LaGravenese,1
Olivier Assayas,Sylvain Chomet,1
Olivier Assayas,Tom Tykwer,1
Olivier Assayas,Vincenzo Natali,1
Olivier Assayas,Walter Salles,1
Olivier Assayas,Wes Craven,1
Panna Rittikrai,Tony Jaa,1
Pascal Vuong,Ronan Chapalain,1
Patrick Gilmore,Tim Johnson,1
Patrik Forsberg,Peter Farrelly,1
Patrik Forsberg,Rusty Cundieff,1
Patrik Forsberg,Steve Carr,1
Patrik Forsberg,Steven Brill,1
Patrik Forsberg,Will Graham,1
Paul Bolger,Yvette Kaplan,1
Paul Brizzi,Pixote Hunt,1
Paul Fierlinger,Sandra Fierlinger,1
Paul Satterfield,T. Hee,1
Paul Satterfield,Wilfred Jackson,1
Peter Chan,Raymond Yip Wai-Man,1
Peter Farrelly,Rusty Cundieff,1
Peter Farrelly,Steve Carr,1
Peter Farrelly,Steven Brill,1
Peter Farrelly,Will Graham,1
Quentin Tarantino,Rob Zombie,1
Rachel Grady,Seth Gordon,1
Reed Cowan,Steven Greenstreet,1
Richard Fleischer,Toshio Masuda,1
Richard LaGravenese,Sylvain Chomet,1
Richard LaGravenese,Tom Tykwer,1
Richard LaGravenese,Vincenzo Natali,1
Richard LaGravenese,Walter Salles,1
Richard LaGravenese,Wes Craven,1
Rob Letterman,Vicky Jenson,1
Rob Minkoff,Roger Allers,1
Rob Zombie,Robert Rodriguez,1
Robert Stevenhagen,Sam Fell,1
Rusty Cundieff,Steve Carr,1
Rusty Cundieff,Steven Brill,1
Rusty Cundieff,Will Graham,1
Sadullah Şentürk,Serdar Akar,1
Samuel Armstrong,T. Hee,1
Samuel Armstrong,Wilfred Jackson,1
Scandar Copti,Yaron Shani,1
Simon J. Smith,Steve Hickner,1
Simon Wells,Steve Hickner,1
Steve Carr,Steven Brill,1
Steve Carr,Will Graham,1
Steven Brill,Will Graham,1
Stéphane Aubier,Vincent Patar,1
Sylvain Chomet,Tom Tykwer,1
Sylvain Chomet,Vincenzo Natali,1
Sylvain Chomet,Walter Salles,1
Sylvain Chomet,Wes Craven,1
T. Hee,Wilfred Jackson,1
T. Hee,William Roberts,1
Terry Gilliam,Terry Jones,1
Todd Edwards,Tony Leech,1
Tom Tykwer,Vincenzo Natali,1
Tom Tykwer,Walter Salles,1
Tom Tykwer,Wes Craven,1
Trevor Moore,Zach Cregger,1
Victor Teran,Youssef Delara,1
Vincenzo Natali,Walter Salles,1
Vincenzo Natali,Wes Craven,1
Walter Salles,Wes Craven,1
Wilfred Jackson,William Roberts,1
